customer_id,name,email,phone,address,registration_date
1,Stacey Patterson,harperbrandon@example.net,001-667-756-2161x20705,"783 Samantha Drive Suite 023 East Anthonyland, NC 38897",2020-11-02
2,Cynthia Miller,greenpamela@example.org,001-784-305-6088x020,"295 Mikayla Way Hughestown, HI 85437",2023-06-30
3,Ashley Armstrong,cynthiamiller@example.net,7162318990,"015 Jesse Island Apt. 579 Cynthiabury, AK 83584",2021-04-12
4,Christine Hatfield,janetsimmons@example.com,779.738.1452,"0025 David Camp Suite 604 Mitchellbury, SD 76992",2023-08-22
5,Jeffrey Jensen,watersronald@example.org,(471)483-8143,Unit 1181 Box 7376 DPO AA 86604,2021-07-20
6,Angela Allen,urice@example.org,903-829-8492,"337 Henderson Meadow Apt. 112 Carlahaven, FM 86723",2023-08-17
7,Michael Thomas,stevenmendoza@example.org,559-394-2836x9634,"54553 Benjamin Spring Suite 937 Wanghaven, PW 71023",2023-10-13
8,Tyler Smith,morganbell@example.net,6643385535,"6011 Cunningham Motorway Suite 173 West Michaelmouth, AZ 35082",2020-02-16
9,Lance Scott,catherine66@example.net,372-302-0478x85278,"267 Jeffrey Turnpike Apt. 781 Selenahaven, MN 68408",2023-08-07
10,Jennifer Barrett,shelleywright@example.org,(327)642-6502x33795,Unit 4110 Box 3992 DPO AE 25426,2020-01-11
11,Christopher Anderson,newmanjohn@example.net,001-563-834-7692x4042,"3533 Travis Fork Suite 256 Jefferyside, AK 19332",2022-01-02
12,Julia Day,petergomez@example.net,2524343028,USNS West FPO AA 24447,2023-05-14
13,Roger Rios,rmoore@example.org,602.510.0118x542,"PSC 3642, Box 4837 APO AE 78313",2020-01-24
14,Sandra Weeks,daryl49@example.org,001-253-393-7111,"134 Linda Way Brownchester, AR 68965",2022-10-11
15,Megan Brooks,sjohnson@example.org,(735)730-5350x2310,"0879 Young Square Suite 315 West Madison, AS 47977",2022-05-04
16,Dustin Richardson,randall52@example.net,+1-281-270-4060x846,"79331 Andrews Highway Suite 316 Port Christie, ID 79665",2022-10-22
17,Taylor White,scott32@example.com,377.650.1452x921,"0994 Rebecca Forest Mitchelltown, OR 17409",2020-06-16
18,Mary Miller,justinjones@example.com,+1-943-543-7277,"70861 Delacruz Road North Tiffany, CO 28517",2022-12-31
19,Eric Alvarez,erivera@example.com,(342)478-7965,"923 Ryan Flats Suite 503 Reginamouth, PW 06600",2021-04-10
20,Derek Arnold,lindseyandrew@example.org,869-554-3204x53262,"3663 Jodi Park Suite 341 South Colleen, VI 89143",2020-08-28
21,Danielle Hayes,kim75@example.com,930-910-8320,"25215 Perez Flats South Derekberg, GU 58577",2021-05-06
22,Bonnie Davis,ebush@example.com,(212)639-6555x857,"2485 Salazar Squares Debrafort, AL 56432",2020-04-28
23,Melissa Cruz,zwilliamson@example.net,376.367.7124x204,"0473 David Lock Apt. 558 Lake Tara, PA 00699",2022-05-12
24,Sharon Booker,kristinawilliams@example.org,850-717-7808,USCGC Duran FPO AA 45444,2020-07-17
25,Dustin Rodriguez,taguilar@example.net,(608)448-9261x9742,"7337 Elizabeth Ridges Suite 900 Chelseaburgh, GU 05903",2021-07-22
26,Anthony Ferguson,petersrichard@example.net,+1-724-368-5686,"518 Jason Extensions Apt. 459 Aliciamouth, AZ 69215",2023-02-28
27,Michael Hendricks,donna54@example.org,001-221-213-8377x2392,"692 William Forks Suite 569 North Christianmouth, SC 18051",2021-12-15
28,Holly Payne,jacob07@example.net,+1-651-582-9768x923,"9408 Parks Islands Lake Jamie, OR 57487",2022-03-11
29,Leslie Kelley,qerickson@example.com,001-682-228-0427x1954,"40858 Matthew Loop East Patricia, LA 18895",2023-09-17
30,Noah Chapman,fmyers@example.net,(898)737-5906,"485 Lisa Cove Brianmouth, WA 73133",2020-04-18
31,Linda Long,barbara32@example.net,372.897.1725x68673,Unit 9804 Box 9123 DPO AA 74566,2020-03-06
32,Alyssa Hodges,porterjacob@example.com,8017976544,"220 Stephen Lodge Suite 018 Romerochester, VA 93694",2023-07-02
33,Mrs. Jennifer Silva,shaynes@example.com,001-900-366-0238,"87386 David Wells North Stephenstad, IL 60603",2020-03-27
34,Kevin Moore,yhawkins@example.net,(227)735-6851x755,"PSC 8594, Box 7941 APO AP 07364",2022-10-25
35,Kari Mendez,susan57@example.com,781.352.1511x40807,"551 Sean Burg Apt. 678 North Julie, WV 46589",2020-09-11
36,Brandy Campos,turnercurtis@example.org,(839)654-0105,"91111 Lauren Centers Apt. 501 West Michael, AR 83121",2022-12-02
37,John Curry,andrew49@example.org,001-854-839-3114x41357,"5902 Shields Cliff Apt. 545 Williamsview, LA 58663",2022-06-18
38,Caleb Colon,jeffreycantu@example.com,505.655.2410x7834,"PSC 3136, Box 1413 APO AE 31586",2022-07-13
39,Natasha Daniel,paul01@example.net,+1-467-306-9161x12302,"7024 Cameron Key Suite 700 New Jessicamouth, PW 78616",2022-11-25
40,Ricky Miranda,dgray@example.com,319.819.1151x11551,"64561 Whitehead Alley Dorothyburgh, IL 42398",2023-03-03
41,Robert Whitney DVM,gcobb@example.com,602.389.5960,"39899 Brown Forge Suite 282 Reneeshire, AR 08125",2020-06-11
42,Kimberly Moon,shannonmoyer@example.net,001-724-957-0441x11438,"276 Reginald Roads Kristinside, FL 04371",2020-06-12
43,Melanie Kane,thomasbrandi@example.org,(993)591-8274,"0866 Roger Station Apt. 541 Malonehaven, IA 19335",2020-10-15
44,Deborah Williams,hendersonangela@example.org,(691)873-8358x058,"10637 Stevens Streets North Kristy, DE 61122",2020-10-01
45,Kimberly Martinez,kyle92@example.com,381-946-9511,"PSC 9163, Box 1719 APO AE 18645",2021-12-09
46,Kathy Kim,lamberthelen@example.net,245-706-5824x96792,"4021 Lewis Springs Smithhaven, CT 73984",2021-07-14
47,Rhonda Powell,sarah38@example.net,001-283-277-0551x63333,"210 Stokes Drive New Michaelfurt, VT 52187",2023-01-17
48,Andrew Reyes,wallcassandra@example.com,001-681-666-0494,"2098 Snow Circles New Ryan, GU 71132",2022-01-04
49,Andrew Payne,acook@example.org,001-788-777-5409,"1690 Mora Points Pollardchester, SD 84309",2022-05-23
50,Kenneth Newman,tonya28@example.net,001-242-864-6778x4014,Unit 7539 Box 9394 DPO AE 18301,2020-04-10
51,Helen Clark,wernerjennifer@example.com,693-309-9253,"09051 Kristen Port South Luis, NC 19406",2021-12-06
52,Jacqueline Brown,nmartin@example.org,671-765-1413x6626,"16966 Brown Square Gillmouth, SC 15700",2020-07-04
53,Kelly Franklin,nicole22@example.net,628-436-3038x7754,"7731 Latoya Camp Lake Calebhaven, VT 32458",2020-08-14
54,Timothy Davis,ibecker@example.com,533.645.1487x693,"58121 Hernandez Ford Apt. 382 South Michaelville, ID 46065",2021-07-14
55,Jasmine Kelley,juan95@example.org,403-517-4929x28813,"94944 Strickland View Port Rhonda, GU 18503",2022-07-22
56,Erica Snow,hernandezdaniel@example.org,+1-259-347-1629x971,"2975 William Stravenue Alberttown, NE 86161",2022-03-05
57,Deborah Lopez,odominguez@example.com,+1-821-327-8589x22172,"2876 Philip Dale Suite 257 West Jamesport, CA 47124",2020-04-29
58,Amanda Garcia,josejohnson@example.org,(639)872-8474,"94049 James Path Apt. 027 New Allisonport, MS 16911",2023-04-08
59,Michael Ball,scottjennifer@example.com,(383)723-9853x6462,"9069 Eric Spring West Jessicastad, FM 05556",2020-11-30
60,Nicole Pierce,cantrellmonica@example.net,322-343-5568,"8048 Traci Heights East Marcus, VA 89305",2023-05-19
61,Danielle Peterson,austin87@example.net,601-243-8341x72941,USS Landry FPO AE 44906,2023-08-29
62,Kimberly Elliott,richard67@example.com,745-678-1672,"6877 Wilson Summit Mcphersonport, DC 81707",2020-12-25
63,Edward Brown,jallen@example.org,883.335.6117,Unit 0784 Box 0504 DPO AA 02748,2020-05-24
64,Samantha Davila,johnsharp@example.net,001-513-243-2964x2421,"90817 Garcia Shore Apt. 064 Barbaraburgh, MN 41691",2023-07-07
65,Kevin Solis,torreserica@example.org,307.662.9956,"332 Moore Unions Port Nancy, MI 83289",2023-01-06
66,Drew Mathis,johnhill@example.net,001-602-663-4478x095,"45424 Aaron Court Apt. 059 North Amy, CT 93109",2022-05-24
67,Cheryl House,fieldsgary@example.com,625-630-9516x619,"495 Alan Spring Wardville, PA 80115",2021-12-26
68,Michelle Hill,leslie81@example.org,+1-730-240-0722x54049,"7423 Crystal Harbor Stephensonhaven, NJ 82881",2021-01-09
69,Shelly Williamson,daniel36@example.com,4008896185,"1640 Robinson Walks Suite 464 Richardshire, RI 42963",2023-08-01
70,Shannon Church,paulwhite@example.org,938-806-5418x47716,"564 Gardner Course Apt. 806 Valerieland, WV 57588",2023-05-07
71,Louis Moore,martinwilliam@example.org,254.606.1534,"80115 Stanley Ways Apt. 393 Port Derrickhaven, HI 14545",2020-04-22
72,Donna Tran,marynguyen@example.com,+1-526-866-7030x520,USNV Guerra FPO AE 18053,2022-03-29
73,Christine Mendoza,carolperez@example.com,(903)269-7200x2846,"02907 Villa Plaza Martinezmouth, UT 80684",2023-06-02
74,Joshua Ramirez,westmichelle@example.com,(591)671-7867,Unit 3023 Box 9033 DPO AP 79337,2020-01-12
75,Tyler Lopez,gdavis@example.org,527.528.5636,"0312 Lauren Inlet New Kristinbury, CT 50780",2022-04-05
76,Willie Edwards,meredith93@example.org,001-652-971-7594x71958,"804 Atkinson Isle New Kevinton, AR 35556",2021-02-17
77,Andrew Hill,thomas65@example.com,001-777-298-0194x66489,"20345 White Gardens Suite 297 Miaview, NE 20532",2022-09-21
78,Jordan Miller,taylorthomas@example.net,953-598-6298,"579 Bianca Spurs North Jillian, CT 76615",2021-10-28
79,Penny Weiss,michael50@example.com,447-918-9093x98788,"501 Howe Rapids Suite 057 West Ericaside, KY 25890",2023-05-13
80,Daniel Jackson,kgolden@example.org,(562)834-4676x9438,"997 Jessica Light Michaelside, DE 54209",2022-07-08
81,David Shields,smurillo@example.org,254.374.0874,"202 Hardy Lodge New Grant, IA 91645",2022-11-13
82,Shane Williams,richard02@example.net,657.923.1733,"3828 Julian Hollow Suite 250 North Lindamouth, CT 96147",2020-03-23
83,Michael Mcintyre,norman50@example.net,001-672-996-6406,"693 Bell Via Jasonbury, PA 82491",2021-11-13
84,Michael Roach,murphyaaron@example.org,+1-498-459-7186,"98812 Lisa Estates North Daniel, NY 53581",2021-02-24
85,Jordan Riddle,juan55@example.org,300.343.2227x728,"3578 Jessica Island Sandraburgh, UT 05388",2021-05-09
86,Monique Martin,laura48@example.org,001-588-915-5923x7027,"0654 Harry Lights Nealchester, SC 35755",2020-01-04
87,Joseph Boyd,thomas45@example.com,754-454-0686x172,"065 Ramirez Cliffs South Sheila, MO 58273",2022-07-20
88,Timothy Miller,andersonkatrina@example.com,944-712-0506x451,"717 Smith Forks Apt. 499 Walkershire, DE 09321",2020-10-14
89,John Anderson,melissamooney@example.com,951.289.7426x68988,"80921 Evans Lane Suite 505 West Meganside, OK 25452",2023-12-25
90,Christopher Browning,kmeza@example.org,(884)591-6659,"440 Graham Passage Allenport, WV 84151",2021-01-10
91,David Parker,hernandezmartha@example.org,+1-285-354-7968,"48271 Angela Parkway Apt. 707 Lake Christopherburgh, TN 23565",2022-04-16
92,Jonathan Perez,amber14@example.net,9074679228,"25334 Jose Garden Lake Jo, MP 59492",2020-06-24
93,Benjamin Hall,xclark@example.net,(453)896-6477x24392,"5357 Morton Stravenue Suite 052 South Davidfort, PR 20506",2023-07-28
94,Laura Love,echandler@example.com,(238)997-5784,"86564 Denise Forks Ellisonchester, FL 27543",2022-03-19
95,Taylor Foley,larryrobinson@example.com,001-541-702-7582x427,"PSC 1772, Box 5001 APO AE 87312",2022-10-21
96,Rebecca Beck,blevinsmaria@example.net,498.890.4094,"401 Cooper Fall Apt. 349 Mooreland, MT 29787",2021-04-17
97,Alexander White,brandon21@example.org,001-524-449-3819x5646,"8270 Richardson Ridges Suite 710 North Davidchester, TN 05297",2020-04-22
98,Shannon Fox,fharris@example.org,(958)617-1202x8780,"2083 Justin Forest West Anthony, LA 43971",2021-09-20
99,Amanda Edwards,vjohnson@example.net,(299)708-1915x7088,"7556 Chambers Streets Howeside, NE 09768",2023-11-05
100,Deborah Huffman,qrodriguez@example.org,+1-295-943-7006x6810,"450 Robert Trail Suite 401 Lake Kayleeport, AL 92356",2022-07-07
