supplier_id,name,contact_email,phone,address
1,Fox and Sons,ryangeorge@jackson.com,(484)989-3004x0768,"8767 Thornton Key Suite 094 Deleonmouth, CO 80320"
2,Adams PLC,dylanmoore@collins.com,454.664.9880,"807 Crystal Turnpike Danielleland, NV 56099"
3,Burton Group,stephenking@miranda.biz,4489778695,"525 Kelley Point Apt. 481 Grahamborough, MN 35766"
4,Sanders-Wong,rwillis@williams.info,(857)672-6587,"632 Jimenez Pine Apt. 433 Lake Jill, IA 84659"
5,Glover and Sons,thomasali@martin-fletcher.com,001-771-359-2374x19783,"78980 Melissa Manor Apt. 082 Hollandshire, ID 47979"
6,Lowery-Jones,rachelparker@wright.biz,565-621-1685,"22658 Wilson Walk Suite 411 Carlabury, MA 65372"
7,Rodriguez and Sons,victor14@fields.org,605.395.7181x626,"51990 Denise Roads East Stephen, MI 05540"
8,Klein LLC,clintonmiller@robinson-miranda.com,707.348.4264,"PSC 2422, Box 0279 APO AP 82060"
9,Phillips LLC,nbailey@saunders.com,+1-731-311-9167x435,"7332 Gina Greens Apt. 530 Port Amandamouth, AS 94286"
10,Huff Ltd,idiaz@mendoza.com,(694)242-4987,"0068 Jessica Parkway Suite 068 Drakefurt, OH 54586"
11,"Novak, Chavez and Roberts",savannahflowers@ware.com,001-207-793-3584x792,"38610 Gonzalez Ways East Lauramouth, NH 73822"
12,"Smith, Yang and Mckee",clowery@smith.net,+1-942-791-7309x997,"2187 Michelle Pine Port Michelleton, NC 39986"
13,Gibbs-Fuller,rebecca14@guerra.com,3437367610,"77685 Richards Square Apt. 197 Brooksburgh, FM 83923"
14,"Larson, Thompson and Ortega",benjaminthomas@allison.net,782-783-8891x9736,"54090 Roberts Flat Suite 980 Caldwellfurt, ID 42681"
15,Brown Group,monica04@williams-thompson.net,(299)981-9252x464,"4075 Ruiz Shores New Brenda, CA 47419"
16,"Martinez, Guerrero and Murphy",susan06@spencer-bruce.net,001-718-221-5120,Unit 9205 Box 6783 DPO AA 24369
17,"Welch, Williams and Beck",montgomerymichael@fisher.biz,598.710.9631x1050,"115 Stevenson Springs Apt. 239 Tanyaville, AZ 42252"
18,Wilkerson and Sons,odelacruz@miller.biz,001-901-744-5841x9679,"9654 Washington Summit Apt. 836 Avilastad, ME 18965"
19,"Kirby, Gilmore and Castro",wesley66@smith.com,(430)447-6713x74936,"7671 Caldwell Way Justinbury, WA 64956"
20,Arias Inc,susanrush@martin.org,+1-429-718-1144x8213,"001 Andre Crest Nicoleborough, VA 48669"
21,Blair PLC,nbrooks@young.org,+1-568-264-7186x5716,"006 Sophia Bridge Apt. 929 Browntown, WY 96015"
